4,70.790,103.530,49.240
5,73.900,105.640,49.620
6,77.650,105.680,48.830
7,81.050,104.320,49.930
8,84.700,105.110,49.990
9,88.120,104.450,48.430
10,91.680,103.450,49.280
11,95.240,103.540,48.060
12,98.580,104.120,49.760
4,86.460,109.030,55.080
5,87.980,108.530,51.680
6,91.180,106.470,52.350
7,91.470,103.390,50.050
8,94.220,102.440,47.600
9,93.580,102.590,43.830
10,92.760,99.350,41.730
11,95.230,99.640,38.790
12,97.720,101.960,40.460
4,84.720,99.790,48.910
5,87.350,102.590,48.830
6,87.260,106.400,48.200
7,88.160,107.730,44.730
8,91.300,109.500,43.510
9,93.860,109.020,46.360
10,92.540,109.430,49.890
11,95.680,108.260,51.890
12,98.520,110.360,53.250
4,88.400,108.430,45.390
5,88.640,105.180,47.270
6,91.270,104.060,49.580
7,92.220,100.400,50.660
8,94.480,98.800,53.190
9,96.520,95.590,53.160
10,98.420,94.280,56.210
11,101.680,94.550,54.280
12,102.240,97.700,52.310
4,87.240,102.150,43.930
5,88.390,102.390,47.570
6,86.080,103.940,50.280
7,88.630,103.630,53.150
8,89.640,106.210,55.830
9,92.040,108.990,54.650
10,95.150,108.980,56.960
11,98.830,109.570,57.700
12,99.500,105.810,57.560
4,91.130,105.750,47.900
5,92.120,108.880,49.930
6,95.790,108.570,51.170
7,95.530,110.150,54.740
8,92.940,107.440,55.370
9,94.440,104.570,57.300
10,96.430,102.010,55.280
11,96.480,104.020,52.020
12,99.950,105.830,52.250
4,98.510,108.680,48.960
5,94.880,107.780,49.250
6,92.520,105.200,47.790
7,91.680,104.050,44.270
8,88.060,104.430,43.040
9,88.720,101.350,40.770
10,90.840,98.080,40.950
11,93.940,97.870,43.100
12,94.980,98.430,46.880
4,85.790,108.410,50.720
5,85.930,104.830,49.080
6,89.090,103.330,47.550
7,91.520,105.180,50.000
8,93.960,102.160,50.260
9,93.180,100.770,46.870
10,96.390,101.650,44.950
11,99.430,99.200,44.620
12,101.890,100.700,47.090
4,96.330,99.930,53.680
5,93.870,101.860,51.370
6,94.700,105.440,50.080
7,93.040,108.490,51.900
8,90.570,110.520,49.780
9,91.960,114.130,50.350
10,95.620,113.420,50.820
11,98.470,114.300,48.360
12,98.940,112.480,45.110
4,89.380,108.650,50.580
5,93.050,109.170,51.140
6,94.740,105.930,50.140
7,97.610,104.440,52.070
8,101.410,104.650,51.400
9,103.450,101.670,49.910
10,105.960,99.530,51.820
11,104.680,95.930,50.880
12,107.840,94.900,48.830
4,92.090,105.620,43.710
5,93.210,107.730,46.670
6,96.970,107.600,47.240
7,98.980,105.690,49.860
8,101.000,107.780,52.350
9,104.370,107.120,54.000
10,103.850,106.460,57.820
11,107.370,107.380,58.720
12,108.860,103.990,59.610
4,89.750,109.840,49.150
5,86.670,107.580,49.520
6,88.620,104.990,47.580
7,91.910,105.260,49.620
8,94.050,102.270,50.880
9,92.900,100.360,53.990
10,96.450,98.860,54.390
11,100.020,99.490,53.200
12,100.060,96.370,50.900
4,93.700,109.490,46.800
5,91.600,107.390,44.210
6,94.190,104.670,44.090
7,94.440,104.560,48.070
8,92.970,101.690,50.090
9,90.140,102.380,52.580
10,89.910,98.770,53.600
11,92.550,97.050,55.790
12,92.320,93.690,53.720
4,90.060,102.700,47.460
5,86.660,103.880,46.110
6,86.600,107.650,47.260
7,90.240,107.760,48.000
8,92.960,110.240,46.890
9,95.990,109.260,44.740
10,98.620,111.820,45.970
11,101.930,110.040,46.630
12,101.800,110.560,50.480
4,83.690,109.490,51.020
5,86.100,111.260,48.660
6,87.910,108.190,47.030
7,86.130,106.620,44.040
8,89.220,104.430,43.230
9,92.730,103.900,44.730
10,95.800,103.690,42.470
11,99.490,103.320,43.290
12,99.150,102.990,47.130
4,98.940,106.250,54.630
5,98.110,102.840,53.190
6,95.520,103.010,50.280
7,91.780,101.960,50.610
8,90.120,102.550,47.230
9,88.860,99.840,45.050
10,90.980,97.480,42.900
11,94.050,98.070,40.580
12,96.290,96.500,43.070
4,93.730,110.250,45.820
5,96.160,109.500,48.680
6,97.080,105.940,49.700
7,94.610,105.020,52.470
8,95.390,103.130,55.670
9,93.320,99.990,56.260
10,92.030,98.420,59.610
11,93.950,95.400,61.040
12,96.850,95.210,58.640
4,85.550,103.790,52.420
5,89.440,104.360,52.270
6,91.070,104.460,48.810
7,92.790,101.550,47.230
8,96.270,102.170,45.770
9,98.240,100.090,43.170
10,100.010,102.870,41.530
11,100.690,106.740,41.760
12,102.150,106.710,45.420
4,86.200,106.730,43.290
5,88.670,104.930,45.770
6,87.610,102.130,47.990
7,90.980,101.330,49.890
8,91.440,102.000,53.480
9,94.370,101.910,56.120
10,95.560,98.790,58.090
11,99.390,99.310,58.950
12,102.540,101.470,58.810
4,80.030,104.760,46.650
5,81.390,104.220,50.140
6,85.190,104.030,50.300
7,88.020,104.640,52.620
8,91.790,105.210,53.040
9,93.930,102.250,52.920
10,97.300,102.920,54.500
11,99.250,99.990,52.720
12,101.740,101.410,50.230
4,91.100,106.760,46.450
5,93.880,106.940,49.060
6,97.230,107.920,47.500
7,100.260,105.330,47.150
8,101.860,103.960,50.260
9,104.570,101.340,50.950
10,105.430,100.930,54.720
11,108.730,98.940,54.380
12,112.150,100.450,53.370
4,90.230,109.470,50.650
5,91.330,106.200,48.800
6,95.110,106.360,48.610
7,97.540,103.740,47.350
8,100.970,103.130,48.960
9,104.190,101.340,47.930
10,104.720,97.890,49.690
11,108.230,96.890,48.740
12,111.420,97.500,50.690
4,93.530,107.860,50.470
5,96.180,107.760,47.790
6,97.350,111.440,47.360
7,98.520,111.060,50.930
8,100.060,108.800,53.510
9,103.540,107.510,52.520
10,105.860,105.440,54.650
11,108.770,103.040,54.270
12,108.750,99.310,53.070
4,94.670,107.270,49.920
5,97.520,107.770,47.400
6,100.110,105.770,49.350
7,97.580,103.260,51.000
8,98.570,99.510,51.530
9,102.230,100.130,50.470
10,104.470,98.490,53.100
11,107.440,100.010,55.200
12,110.910,98.780,56.020
4,85.810,107.610,47.130
5,86.650,104.010,45.790
6,88.490,102.410,48.800
7,88.210,105.450,51.140
8,90.100,105.340,54.480
9,91.540,101.860,53.620
10,95.080,100.840,52.820
11,96.180,100.530,49.200
12,99.220,99.230,47.230
4,91.540,106.760,48.690
5,91.560,107.870,52.300
6,94.470,105.810,53.780
7,97.150,107.310,56.210
8,99.300,104.410,56.860
9,102.000,103.190,54.470
10,101.820,106.030,52.000
11,105.410,107.300,51.820
12,108.350,105.430,50.210
4,92.270,109.070,46.300
5,89.030,109.950,48.280
6,89.240,106.750,50.590
7,87.570,106.690,54.010
8,90.020,103.920,55.020
9,93.370,104.820,56.690
10,96.540,105.580,54.560
11,98.770,104.170,57.210
12,100.880,101.050,56.180
4,87.890,102.390,50.850
5,90.900,104.750,50.930
6,91.940,106.650,47.740
7,95.710,105.600,47.930
8,97.680,108.750,47.460
9,101.290,108.110,46.260
10,104.200,107.240,48.580
11,107.380,109.320,47.710
12,109.280,108.210,44.460
4,89.260,102.630,51.730
5,92.370,104.400,53.040
6,95.740,104.120,51.210
7,99.310,104.960,52.350
8,101.300,107.110,49.920
9,104.910,106.060,50.640
10,106.660,104.450,47.640
11,108.610,101.630,49.530
12,109.160,98.050,48.070
4,83.440,103.430,52.240
5,85.180,106.240,50.300
6,88.410,106.350,48.310
7,91.340,108.440,49.570
8,93.910,110.070,47.260
9,96.740,109.620,49.630
10,98.540,106.510,48.260
11,97.790,107.250,44.450
12,101.290,107.790,43.090
4,82.070,107.000,47.280
5,85.390,108.390,48.610
6,88.690,106.820,47.540
7,91.310,104.940,49.670
8,94.650,106.630,49.220
9,96.600,106.110,52.620
10,98.030,103.270,54.610
11,97.810,100.950,51.720
12,99.020,97.330,51.570
4,87.250,102.680,54.390
5,87.570,105.630,51.830
6,91.000,107.110,51.100
7,92.040,110.100,49.010
8,93.530,110.010,45.500
9,96.470,112.180,46.550
10,96.860,109.890,49.670
11,97.090,106.710,47.510
12,100.730,105.810,46.280
4,92.110,109.680,48.270
5,94.300,109.260,51.400
6,96.620,106.280,51.300
7,98.900,104.730,53.960
8,102.290,103.070,53.880
9,102.620,99.220,54.400
10,102.760,97.170,57.710
11,106.480,96.890,58.680
12,108.220,97.900,55.320
4,83.800,107.180,51.740
5,87.770,106.820,51.840
6,88.720,103.320,52.390
7,92.280,101.900,52.280
8,92.130,100.130,48.930
9,95.610,99.560,47.530
10,96.810,101.400,44.450
11,99.660,99.340,43.040
12,102.740,100.850,44.580
4,89.960,107.820,43.930
5,91.000,104.810,46.160
6,90.290,104.370,49.870
7,93.150,101.670,50.000
8,95.790,102.370,52.690
9,99.540,102.340,51.800
10,101.580,99.220,52.170
11,104.380,100.790,54.300
12,107.940,99.560,54.940
4,87.860,106.650,51.070
5,91.580,107.500,50.690
6,93.340,107.300,47.380
7,95.480,104.070,46.950
8,99.290,105.030,47.250
9,100.220,101.340,46.610
10,102.790,101.690,43.820
11,105.400,99.180,42.590
12,108.710,100.450,43.720
4,89.330,112.840,48.050
5,91.800,110.910,50.080
6,95.540,111.600,49.920
7,98.070,109.550,47.940
8,100.430,107.040,49.680
9,102.390,105.990,46.490
10,102.360,102.400,47.380
11,105.370,100.070,46.920
12,105.790,96.210,46.970
4,98.000,102.050,44.870
5,99.410,104.960,42.740
6,98.080,107.280,45.550
7,100.220,108.110,48.530
8,99.830,106.490,51.970
9,101.440,107.610,55.260
10,102.220,104.220,56.640
11,105.740,102.790,56.240
12,106.890,99.640,54.410
4,101.330,104.470,46.310
5,101.840,107.470,48.620
6,102.380,110.140,45.880
7,98.470,109.950,45.330
8,95.370,109.810,47.770
9,94.950,106.350,49.440
10,92.610,104.640,51.950
11,94.520,103.090,54.950
12,93.840,99.560,53.640
4,101.550,107.650,53.980
5,99.400,110.870,53.440
6,99.990,110.830,49.740
7,99.510,107.040,49.410
8,97.520,104.580,47.170
9,94.530,102.480,48.590
10,92.920,99.700,46.520
11,91.070,96.260,47.100
12,93.210,94.950,44.290
4,98.540,107.140,58.090
5,95.670,108.070,55.760
6,94.370,105.520,53.120
7,96.460,106.240,50.020
8,95.970,105.640,46.330
9,98.120,103.270,44.240
10,100.040,105.140,41.530
11,98.610,104.260,37.990
12,101.550,101.910,36.920
4,101.820,105.720,58.040
5,98.770,106.970,56.070
6,96.350,104.450,54.400
7,97.270,103.060,50.940
8,96.330,104.860,47.580
9,96.520,104.160,43.690
10,100.120,103.840,42.500
11,101.180,106.020,39.360
12,99.430,104.730,36.170
4,101.760,106.450,58.130
5,98.510,107.550,56.210
6,96.360,105.750,53.730
7,97.670,103.880,50.730
8,97.490,105.540,47.180
9,97.150,104.020,43.620
10,99.880,102.190,41.620
11,100.850,103.850,38.290
12,98.580,101.960,35.790
4,105.690,106.000,57.110
5,102.460,108.130,56.490
6,99.130,106.310,55.570
7,98.470,104.900,51.990
8,96.280,106.510,49.320
9,94.600,105.760,45.970
10,96.330,104.240,42.860
11,96.440,105.600,39.260
12,94.420,102.630,37.780
4,97.670,108.820,56.220
5,96.940,110.510,52.860
6,98.020,110.480,49.130
7,97.810,106.830,47.800
8,99.590,105.750,44.530
9,100.110,102.440,42.600
10,102.370,99.570,43.820
11,105.530,98.330,42.000
12,104.090,95.690,39.720
4,102.060,106.810,56.200
5,101.980,110.050,54.230
6,100.490,110.980,50.870
7,98.520,107.990,49.820
8,98.240,107.610,46.070
9,96.730,105.250,43.200
10,98.260,101.820,43.640
11,100.160,99.890,41.000
12,97.660,96.940,41.340
4,104.500,103.260,57.440
5,102.880,106.560,56.510
6,99.200,106.360,55.350
7,98.040,105.270,51.820
8,96.950,107.830,49.070
9,95.010,107.280,45.720
10,97.140,105.680,43.040
11,98.470,107.270,39.770
12,96.490,104.870,37.470
4,106.550,101.650,53.910
5,103.570,103.600,55.320
6,100.470,101.530,54.380
7,97.860,103.150,52.150
8,94.060,103.620,52.590
9,91.400,101.220,51.350
10,89.390,102.630,48.450
11,89.210,101.350,44.880
12,90.750,104.490,43.440
4,103.570,108.570,54.270
5,99.660,108.700,54.300
6,97.860,112.070,53.960
7,94.930,110.950,51.590
8,93.020,107.780,50.760
9,95.240,105.550,48.540
10,94.180,103.100,45.840
11,96.470,100.190,45.150
12,98.420,99.780,41.930
4,95.970,103.680,53.160
5,94.140,103.820,49.920
6,95.970,107.030,49.180
7,99.400,105.900,50.700
8,102.440,104.380,49.020
9,105.490,102.190,49.830
10,108.850,101.370,48.120
11,108.460,98.970,45.250
12,111.050,96.150,45.980
4,103.210,110.670,51.870
5,101.730,113.850,50.390
6,101.720,112.110,46.940
7,100.010,108.990,48.290
8,97.260,106.970,46.720
9,94.870,104.540,48.480
10,96.420,101.190,49.140
11,95.470,98.200,46.920
12,94.400,95.620,49.460
4,89.350,106.350,47.090
5,91.080,108.180,50.040
6,88.070,107.360,52.240
7,86.870,103.940,50.680
8,90.160,102.090,51.260
9,92.920,102.460,53.810
10,96.500,103.310,52.530
11,97.840,99.940,52.160
12,100.840,98.830,54.380
4,94.590,110.240,50.380
5,90.880,109.610,49.710
6,91.880,106.150,48.190
7,94.000,105.350,51.170
8,91.410,106.470,53.810
9,89.480,103.320,55.080
10,91.110,100.660,52.650
11,93.160,97.500,52.490
12,97.010,97.590,52.780
4,99.970,106.170,45.950
5,99.640,109.470,44.050
6,98.220,111.550,46.960
7,99.540,109.440,49.930
8,100.690,112.310,52.330
9,100.650,111.870,56.220
10,100.290,108.050,55.940
11,101.430,105.490,58.680
12,104.130,103.150,57.190
4,99.430,107.820,47.610
5,102.960,108.480,46.460
6,103.140,112.070,47.820
7,102.250,110.750,51.330
8,105.460,111.140,53.380
9,104.300,109.080,56.420
10,106.670,106.190,57.560
11,105.600,102.700,56.210
12,107.580,99.530,55.850
4,96.190,106.110,43.180
5,93.120,108.230,44.030
6,94.300,108.290,47.770
7,97.720,109.560,46.720
8,97.630,112.940,48.540
9,97.740,110.890,51.860
10,100.690,109.190,53.590
11,100.000,105.640,54.660
12,101.120,104.410,58.100
4,100.310,107.300,51.340
5,100.690,110.450,53.570
6,98.680,112.530,50.930
7,95.350,110.670,50.940
8,93.430,108.660,53.620
9,92.080,106.200,51.060
10,92.110,102.470,51.850
11,93.420,99.950,49.310
12,92.210,96.350,49.890
4,94.150,104.800,51.140
5,93.080,106.510,54.360
6,90.710,108.940,52.500
7,88.950,105.930,51.050
8,85.370,105.020,52.050
9,85.940,101.180,51.700
10,89.400,99.630,52.440
11,92.200,99.170,49.810
12,94.010,96.030,48.430
4,90.560,110.010,46.450
5,93.330,109.690,49.080
6,90.970,107.210,50.910
7,91.140,103.370,50.840
8,88.000,101.490,49.670
9,89.600,98.110,50.260
10,92.340,96.760,52.590
11,95.350,94.960,50.930
12,96.660,91.450,51.720
4,91.560,104.080,51.400
5,88.930,106.380,49.800
6,87.580,106.460,46.210
7,88.540,109.840,44.860
8,92.220,109.530,45.990
9,94.710,108.430,43.500
10,95.770,105.200,45.100
11,98.610,103.020,43.910
12,99.770,99.580,45.020
4,95.300,104.530,44.700
5,93.220,107.510,45.790
6,93.400,107.890,49.670
7,90.250,109.020,51.850
8,91.900,108.760,55.270
9,95.320,109.420,56.690
10,96.500,105.830,57.350
11,97.930,104.690,60.810
12,99.660,101.620,59.340
4,102.660,104.410,48.720
5,102.240,107.970,47.490
6,99.080,109.980,48.260
7,100.110,112.960,46.160
8,98.220,113.680,42.830
9,95.400,111.470,44.120
10,96.770,107.880,43.860
11,94.920,104.660,45.070
12,94.210,103.700,48.700
4,101.170,105.340,47.810
5,100.820,109.020,48.420
6,98.640,109.860,51.540
7,97.560,113.300,50.290
8,94.050,114.750,49.970
9,92.800,112.130,52.560
10,94.180,109.080,50.640
11,94.720,105.770,52.310
12,97.210,102.880,51.590
4,88.040,108.920,49.730
5,90.820,106.680,48.480
6,93.230,105.510,51.210
7,95.640,103.340,49.270
8,99.180,104.470,48.450
9,99.980,104.640,44.610
10,103.730,104.320,45.160
11,105.120,101.020,46.490
12,106.180,100.660,50.220
4,95.090,107.570,54.650
5,97.820,109.130,52.580
6,98.170,108.030,48.930
7,101.460,107.570,47.200
8,102.220,108.310,43.510
9,104.160,105.020,42.760
10,103.540,101.220,42.530
11,102.000,98.900,45.160
12,104.230,97.090,47.610
4,84.610,101.380,47.170
5,84.720,100.960,43.420
6,88.380,100.210,43.220
7,91.700,98.960,44.890
8,92.930,100.620,48.100
9,95.720,103.330,47.690
10,97.180,104.940,50.810
11,97.780,108.690,51.270
12,99.980,108.220,54.390
4,89.170,104.050,54.010
5,89.830,105.460,50.490
6,93.420,106.270,49.150
7,94.990,109.720,50.070
8,95.010,112.370,47.240
9,97.510,112.210,44.390
10,98.220,108.410,44.210
11,101.350,106.290,44.080
12,102.220,105.230,40.480
4,95.000,106.120,51.770
5,92.760,108.850,50.270
6,95.390,109.510,47.450
7,95.640,107.350,44.320
8,98.330,108.020,41.700
9,98.670,106.310,38.280
10,102.310,107.260,37.400
11,105.660,105.250,38.000
12,108.250,106.370,40.570
4,98.320,108.750,49.280
5,95.370,110.680,50.660
6,94.420,112.030,47.240
7,92.190,109.480,45.280
8,94.950,109.000,42.470
9,96.480,105.550,41.820
10,100.180,104.900,42.660
11,102.470,101.970,42.340
12,102.210,100.310,45.830
4,87.640,112.000,55.130
5,91.210,111.670,53.760
6,92.310,108.500,51.870
7,95.260,106.680,53.470
8,98.250,105.300,51.540
9,97.740,101.670,50.510
10,100.590,99.280,49.570
11,102.270,99.120,46.150
12,102.160,95.810,44.350
4,83.550,99.350,53.110
5,84.940,102.900,53.220
6,86.860,104.580,50.380
7,90.690,104.920,50.480
8,92.400,107.800,48.810
9,95.790,108.080,47.100
10,98.250,111.000,47.850
11,99.940,113.560,45.650
12,103.250,114.450,47.410
4,97.170,105.050,52.080
5,94.550,104.780,55.070
6,91.920,104.890,52.210
7,92.410,104.310,48.490
8,91.900,107.030,45.920
9,90.630,104.440,43.310
10,89.260,100.840,43.260
11,92.520,99.040,43.790
12,95.380,99.990,46.050
4,98.510,101.430,51.410
5,95.070,103.130,50.640
6,93.040,102.450,47.560
7,92.080,105.300,45.010
8,88.760,105.540,43.380
9,88.880,109.200,42.390
10,92.070,111.300,41.730
11,95.660,110.210,41.090
12,97.350,108.940,44.240
4,93.980,103.820,51.570
5,90.460,104.060,50.070
6,89.470,102.760,46.630
7,89.510,105.460,43.960
8,90.470,105.350,40.270
9,91.740,108.840,39.220
10,95.440,109.040,38.350
11,98.250,107.010,40.040
12,97.600,106.880,43.800
4,99.830,104.410,51.060
5,97.440,106.990,49.700
6,93.560,107.000,50.490
7,91.060,105.990,47.830
8,87.350,106.190,48.600
9,85.750,105.450,45.250
10,88.190,102.760,44.080
11,90.320,100.170,45.970
12,93.270,101.130,48.110
4,99.860,103.160,50.830
5,97.360,102.440,53.630
6,94.070,104.280,52.930
7,92.810,107.790,54.120
8,90.160,108.940,56.500
9,87.530,109.130,53.650
10,89.520,107.580,50.830
11,87.290,107.880,47.670
12,90.190,108.330,45.220
4,100.270,104.230,50.630
5,97.370,105.120,52.960
6,93.680,104.830,51.800
7,92.750,108.270,50.520
8,90.650,110.590,52.720
9,88.610,112.300,49.850
10,89.240,109.810,47.010
11,88.740,106.230,45.710
12,92.390,105.790,44.520
4,100.860,110.410,49.560
5,98.050,110.580,52.360
6,96.920,107.060,53.160
7,93.280,105.880,53.680
8,94.170,102.460,55.390
9,91.460,100.090,54.030
10,91.070,96.450,55.530
11,92.590,94.910,52.330
12,96.320,94.660,52.190
4,83.900,101.580,47.260
5,86.970,103.900,47.680
6,90.230,103.430,45.660
7,93.030,101.970,47.730
8,96.450,103.630,48.590
9,99.900,102.210,47.190
10,100.910,98.580,47.490
11,104.260,99.470,49.030
12,104.170,102.750,51.230
4,83.150,111.160,50.830
5,86.440,109.450,51.890
6,87.630,106.900,49.390
7,89.160,103.380,49.720
8,92.950,102.930,50.180
9,95.400,102.710,47.270
10,96.610,99.190,46.280
11,100.280,98.430,47.460
12,102.340,96.690,44.720
4,80.480,105.160,48.930
5,82.830,108.140,49.260
6,85.720,108.280,46.570
7,89.010,106.550,47.490
8,92.400,108.290,47.200
9,95.870,106.760,47.290
10,97.680,106.880,50.630
11,98.550,103.120,50.960
12,101.680,102.330,53.060
4,90.500,109.090,53.960
5,93.240,109.730,51.340
6,93.680,108.380,47.810
7,96.250,105.640,47.080
8,99.910,105.990,46.210
9,101.150,105.810,42.600
10,101.930,102.470,40.760
11,105.450,101.180,41.140
12,107.680,98.440,39.820
4,94.670,101.320,51.110
5,94.680,104.900,52.390
6,96.360,107.440,50.280
7,98.790,110.170,51.390
8,99.680,113.420,49.250
9,102.330,116.060,48.540
10,105.490,113.990,49.100
11,107.980,111.950,47.080
12,108.230,108.350,48.510
4,98.860,104.510,53.300
5,96.470,107.520,53.370
6,94.030,107.620,50.360
7,94.280,111.160,48.900
8,94.380,112.540,45.290
9,97.350,111.480,42.940
10,99.390,109.810,45.690
11,100.900,106.360,45.150
12,101.440,103.690,48.050
4,95.310,109.220,49.420
5,94.640,105.480,49.060
6,92.940,105.360,45.620
7,95.320,107.430,43.600
8,97.980,105.350,41.600
9,101.670,105.930,42.540
10,104.910,104.060,41.980
11,105.550,101.410,44.530
12,108.890,101.050,46.400
4,97.100,111.250,52.840
5,100.600,112.070,51.480
6,100.170,109.800,48.470
7,102.960,108.980,46.080
8,103.690,106.380,43.360
9,104.010,102.690,44.390
10,107.850,101.920,44.270
11,109.550,98.660,42.970
12,110.770,96.980,46.250
4,90.100,98.970,48.790
5,92.000,101.830,50.410
6,95.680,101.740,51.470
7,96.150,101.840,55.210
8,99.440,103.770,55.060
9,101.900,105.600,52.870
10,105.640,106.280,53.430
11,107.100,109.220,55.740
12,110.010,110.160,53.390
4,87.860,106.170,48.110
5,90.630,107.730,45.990
6,93.530,109.170,48.100
7,95.490,112.170,46.920
8,99.210,111.750,45.920
9,98.960,108.040,46.110
10,101.480,106.360,43.970
11,103.300,103.010,43.090
12,105.980,104.080,45.750
4,92.610,106.280,47.520
5,90.400,103.240,48.200
6,86.600,103.140,48.640
7,84.980,103.580,52.080
8,85.270,100.730,54.760
9,88.350,99.190,53.020
10,92.090,99.630,54.010
11,94.240,102.100,51.950
12,96.590,100.680,49.300
4,90.080,104.060,53.290
5,92.730,103.980,50.440
6,92.390,101.000,48.080
7,94.120,99.490,45.040
8,97.280,101.350,43.790
9,96.880,103.740,46.760
10,96.980,100.900,49.370
11,99.610,98.870,47.440
12,102.880,97.690,49.130
4,88.920,101.600,49.330
5,88.100,104.490,51.680
6,89.420,108.040,51.130
7,93.000,108.860,52.190
8,92.560,112.780,51.810
9,96.310,113.670,52.330
10,97.580,110.450,54.000
11,100.540,108.600,52.300
12,100.820,104.820,51.870
4,92.110,109.400,50.830
5,93.200,106.910,53.560
6,94.800,103.510,52.690
7,97.090,100.680,53.930
8,100.900,101.240,53.760
9,102.160,98.070,51.880
10,101.830,97.330,48.190
11,101.520,94.250,45.950
12,104.280,95.550,43.530
4,100.990,106.910,45.920
5,102.270,108.810,48.970
6,101.210,107.650,52.580
7,102.470,104.240,53.930
8,99.030,103.590,55.630
9,96.900,103.530,52.480
10,99.380,101.210,50.560
11,98.020,98.600,48.290
12,101.350,96.950,47.430
4,81.600,101.050,51.020
5,82.640,104.610,49.840
6,85.900,104.290,47.910
7,88.840,106.800,47.950
8,88.400,109.270,45.110
9,91.460,111.300,45.800
10,94.450,108.930,45.210
11,97.160,108.910,48.030
12,100.770,109.490,46.660
4,78.830,103.420,50.230
5,80.530,105.480,47.450
6,84.330,105.030,47.000
7,86.860,107.740,47.790
8,88.600,110.210,45.370
9,91.950,109.490,47.150
10,93.700,106.130,47.650
11,93.110,103.910,50.800
12,96.610,102.420,51.020
4,88.460,106.590,45.040
5,88.550,106.930,48.870
6,92.020,106.360,50.350
7,93.390,106.220,46.680
8,94.850,109.800,46.540
9,96.680,109.810,50.020
10,99.750,107.680,51.330
11,98.460,105.100,54.080
12,101.780,103.820,55.570
4,82.830,100.000,42.910
5,83.630,100.940,46.630
6,86.000,103.840,47.530
7,88.940,102.850,49.800
8,90.950,105.370,51.930
9,94.220,106.480,50.410
10,97.040,105.710,53.030
11,98.650,108.610,54.880
12,102.380,108.800,55.910
4,84.980,108.390,48.810
5,88.610,107.980,49.810
6,90.810,105.570,47.820
7,92.770,102.850,49.570
8,96.640,102.880,49.110
9,98.210,99.470,48.360
10,101.120,98.330,46.310
11,101.500,98.830,42.590
12,104.780,96.750,42.110
4,93.350,102.580,43.080
5,91.840,102.110,46.710
6,94.990,101.350,48.780
7,94.540,100.910,52.500
8,95.030,103.540,55.260
9,97.770,103.250,57.990
10,97.440,105.170,61.320
11,101.230,105.860,61.480
12,103.140,108.140,58.830
